question_id,title,description,tags,accepted_answer_id,view_count,creation_date,clean_title,clean_description,combined_text,category
79559702,NameError: name &#39;init_empty_weights&#39; is not defined while using hugging face models,,"nlp,huggingface-transformers,huggingface",79577000,645,1744023761,nameerror name 39initemptyweights39 defined using hugging face models,,nameerror name 39initemptyweights39 defined using hugging face models nan,Error Fixes
79549787,Why does Presidio with spacy nlp engine not recognize organizations and PESEL while spaCy does?,,"python,nlp,spacy,presidio",79552218,99,1743573371,presidio spacy nlp engine recognize organizations pesel spacy,,presidio spacy nlp engine recognize organizations pesel spacy nan,Library-Specific Problems
79548202,"GPT-2 and other models from huggingface -100 label index for training, instead of pad token",,"nlp,huggingface-transformers,pre-trained-model",79551169,55,1743499277,gpt2 models huggingface 100 label index training instead pad token,,gpt2 models huggingface 100 label index training instead pad token nan,Library-Specific Problems
79523269,Trouble getting importing gensim to work in colab,,"numpy,nlp,dependencies,google-colaboratory,gensim",79523777,222,1742481362,trouble getting importing gensim work colab,,trouble getting importing gensim work colab nan,Library-Specific Problems
79501178,Store images instead of showing in a server,,"python,nlp,large-language-model",79501337,39,1741704631,store images instead showing server,,store images instead showing server nan,Implementation Issues
79482283,Presidio with Langchain Experimental does not detect Polish names,,"python,nlp,spacy,langchain,presidio",79495969,241,1741040827,presidio langchain experimental detect polish names,,presidio langchain experimental detect polish names nan,Uncategorized
79459888,OpenNLP POSTaggerME and ChunkerME synergy,,"nlp,opennlp",79475445,42,1740240371,opennlp postaggerme chunkerme synergy,,opennlp postaggerme chunkerme synergy nan,Uncategorized
79419884,Underfitting Pre-Trained Glove + LSTM Model: Accurcacy Unchanged,,"keras,deep-learning,nlp,lstm,sentiment-analysis",79425201,50,1738896505,underfitting pretrained glove lstm model accurcacy unchanged,,underfitting pretrained glove lstm model accurcacy unchanged nan,Uncategorized
79330283,Can&#39;t compile Marian NMT,,"gcc,cmake,nlp,g++",79332711,76,1736057099,can39t compile marian nmt,,can39t compile marian nmt nan,Uncategorized
79328514,how to get custom column in the model&#39;s forward() function when training with Huggingface Trainer?,,"pytorch,nlp,large-language-model,huggingface-trainer",79328698,44,1735981064,get custom column model39s forward function training huggingface trainer,,get custom column model39s forward function training huggingface trainer nan,Library-Specific Problems
79312133,Getting all leaf words (reverse stemming) into one Python List,,"python,nlp,nltk",79312987,54,1735311845,getting leaf words reverse stemming one python list,,getting leaf words reverse stemming one python list nan,Task-Specific NLP
79298368,Inspect all probabilities of BERTopic model,,"python,nlp,topic-modeling",79299703,61,1734727774,inspect probabilities bertopic model,,inspect probabilities bertopic model nan,Uncategorized
79293919,Determining most popular words in the English dictionary within a dictionary of words,,"python,nlp,nltk,detection",79294074,73,1734603844,determining popular words english dictionary within dictionary words,,determining popular words english dictionary within dictionary words nan,Uncategorized
79293889,catelog sentences into 5 words that represent them,,"python,pandas,nlp,text-mining,similarity",79294099,57,1734603407,catelog sentences 5 words represent,,catelog sentences 5 words represent nan,Uncategorized
79253283,Counting the Frequency of Some Words within some other Key Words in Text,,"python,pandas,nlp",79263000,84,1733367906,counting frequency words within key words text,,counting frequency words within key words text nan,Uncategorized
79247672,Error in getting Captum text explanations for text classification,,"machine-learning,pytorch,nlp,huggingface-transformers,text-classification",79248379,92,1733230065,error getting captum text explanations text classification,,error getting captum text explanations text classification nan,Task-Specific NLP
79247594,euclidian distance from word to sentence after doing Vectorizer,,"pandas,dataframe,nlp,text-classification,tf-idf",79248087,46,1733228705,euclidian distance word sentence vectorizer,,euclidian distance word sentence vectorizer nan,Uncategorized
79234004,Llama-3.2-1B-Instruct generate inconsistent output,,"python,nlp,huggingface-transformers,large-language-model",79246602,696,1732798957,llama321binstruct generate inconsistent output,,llama321binstruct generate inconsistent output nan,Uncategorized
79192130,Using an AWS service to execute a python script that will extract keywords from text using keyBERT?,,"python,amazon-web-services,aws-lambda,nlp,large-language-model",79192427,60,1731669216,using aws service execute python script extract keywords text using keybert,,using aws service execute python script extract keywords text using keybert nan,Uncategorized
79178041,Normalization of token embeddings in BERT encoder blocks,,"nlp,normalization,bert-language-model,attention-model",79238393,180,1731335431,normalization token embeddings bert encoder blocks,,normalization token embeddings bert encoder blocks nan,Uncategorized
79173053,How to convert character indices to BERT token indices,,"python,nlp,dataset,large-language-model,bert-language-model",79175157,39,1731165333,convert character indices bert token indices,,convert character indices bert token indices nan,Uncategorized
79159805,How can I share a complex spaCy NLP model across multiple Python processes to minimize memory usage?,,"nlp,multiprocessing,python-multiprocessing,spacy",79162232,97,1730821773,share complex spacy nlp model across multiple python processes minimize memory usage,,share complex spacy nlp model across multiple python processes minimize memory usage nan,Library-Specific Problems
79155290,"Dutch sentiment analysis RobBERTje outputs just positive/negative labels, netural label is missing",,"python,nlp,bert-language-model,roberta-language-model",79155380,58,1730720195,dutch sentiment analysis robbertje outputs positivenegative labels netural label missing,,dutch sentiment analysis robbertje outputs positivenegative labels netural label missing nan,Uncategorized
79148979,Finding Root Form of Verbs using Curiosity-AI/Catalyst,,"c#,nlp",79160163,143,1730483881,finding root form verbs using curiosityaicatalyst,,finding root form verbs using curiosityaicatalyst nan,Uncategorized
79145419,Is it possible to get embeddings from NV-Embed using Candle?,,"machine-learning,rust,nlp",79156470,336,1730390149,possible get embeddings nvembed using candle,,possible get embeddings nvembed using candle nan,Uncategorized
79111733,"How to derive attributes/labels from short plain text descriptions? (NER, LLM, ?)",,"nlp,artificial-intelligence,large-language-model,named-entity-recognition",79113907,185,1729544096,derive attributeslabels short plain text descriptions ner llm,,derive attributeslabels short plain text descriptions ner llm nan,Uncategorized
79102797,Varying embedding dim due to changing padding in batch size,,"python,text,nlp,padding,data-preprocessing",79105117,49,1729266891,varying embedding dim due changing padding batch size,,varying embedding dim due changing padding batch size nan,Uncategorized
79100835,How can I adjust the performance of tokenizer?,,"nlp,huggingface-transformers,huggingface,huggingface-tokenizers",79107575,50,1729233915,adjust performance tokenizer,,adjust performance tokenizer nan,Task-Specific NLP
79081924,"With spaCy, how can I get all lemmas from a string?",,"python,pandas,nlp,spacy,lemmatization",79086290,105,1728767001,spacy get lemmas string,,spacy get lemmas string nan,Library-Specific Problems
79057082,Avoiding overlap in frequency and document frequency count in Quanteda,,"r,count,nlp,overlap,quanteda",79058791,61,1728132232,avoiding overlap frequency document frequency count quanteda,,avoiding overlap frequency document frequency count quanteda nan,Uncategorized
79005985,Seq2Seq trainer.train() keeps giving indexing error,,"python,nlp,huggingface-transformers,huggingface-trainer",79007590,57,1726821812,seq2seq trainertrain keeps giving indexing error,,seq2seq trainertrain keeps giving indexing error nan,Error Fixes
78985137,Alternative to device_map = &quot;auto&quot; in Huggingface Pretrained,,"machine-learning,deep-learning,nlp,huggingface-transformers",79007343,1084,1726317723,alternative devicemap quotautoquot huggingface pretrained,,alternative devicemap quotautoquot huggingface pretrained nan,Library-Specific Problems
78966943,How are the weights of the Mistral models reinitialized in Huggingface?,,"nlp,huggingface-transformers,large-language-model,mistral-7b",78969695,185,1725909952,weights mistral models reinitialized huggingface,,weights mistral models reinitialized huggingface nan,Library-Specific Problems
78957322,Break after first PER sequence found with Spacy,,"python,nlp,spacy",78957722,43,1725628472,break first per sequence found spacy,,break first per sequence found spacy nan,Library-Specific Problems
78949607,Trainer huggingface - RuntimeError: cannot pin &#39;torch.cuda.FloatTensor&#39; only dense CPU tensors can be pinned,,"nlp,huggingface-transformers",79112186,1516,1725466158,trainer huggingface runtimeerror pin 39torchcudafloattensor39 dense cpu tensors pinned,,trainer huggingface runtimeerror pin 39torchcudafloattensor39 dense cpu tensors pinned nan,Implementation Issues
78943401,Fine-tuning a Pretrained Model with Quantization and AMP: Scaler Error &quot;Attempting to Unscale FP16 Gradients&quot;,,"python,pytorch,nlp,huggingface-transformers,fine-tuning",78945455,518,1725352703,finetuning pretrained model quantization amp scaler error quotattempting unscale fp16 gradientsquot,,finetuning pretrained model quantization amp scaler error quotattempting unscale fp16 gradientsquot nan,Error Fixes
78933232,Keep training pytorch model on new data,,"python,scikit-learn,pytorch,nlp,python-polars",78934212,284,1725040079,keep training pytorch model new data,,keep training pytorch model new data nan,Uncategorized
78932356,Capitalized words in sentiment analysis,,"nlp,sentiment-analysis,bert-language-model,data-preprocessing",78933236,135,1725025796,capitalized words sentiment analysis,,capitalized words sentiment analysis nan,Uncategorized
78920095,cannot import name &#39;split_torch_state_dict_into_shards&#39; from &#39;huggingface_hub&#39;,,"python,nlp,huggingface-transformers,transformer-model,llama",78920098,6146,1724779242,import name 39splittorchstatedictintoshards39 39huggingfacehub39,,import name 39splittorchstatedictintoshards39 39huggingfacehub39 nan,Library-Specific Problems
78917743,How to Process Data on GPU Instead of RAM for This Python Code?,,"nlp,gpu,torch,openai-whisper",78918851,64,1724745808,process data gpu instead ram python code,,process data gpu instead ram python code nan,Uncategorized
78912171,How to Visualize Cross-Attention Matrices in MarianMTModel During Output Generation,,"python,pytorch,nlp,huggingface-transformers",78915504,403,1724616834,visualize crossattention matrices marianmtmodel output generation,,visualize crossattention matrices marianmtmodel output generation nan,Uncategorized
78905614,Why doesn&#39;t permuting positional encodings in BERT affect the output as expected?,,"python,pytorch,nlp,huggingface-transformers",78906902,80,1724411528,doesn39t permuting positional encodings bert affect output expected,,doesn39t permuting positional encodings bert affect output expected nan,Uncategorized
78901998,How does OpenAIEmbeddings() work? Is it creating a single vector of size 1536 for whole text corpus?,,"deep-learning,nlp,openai-api,openaiembeddings",78902136,620,1724335765,openaiembeddings work creating single vector size 1536 whole text corpus,,openaiembeddings work creating single vector size 1536 whole text corpus nan,Uncategorized
78895710,"NER versus LLM to extract name, gender, role and company from text",,"nlp,large-language-model,named-entity-recognition",78896098,1632,1724225953,ner versus llm extract name gender role company text,,ner versus llm extract name gender role company text nan,Uncategorized
78887743,Does Padding in a Batch of Sequences Affect Performance? How Effective is the Attention Mask?,,"pytorch,nlp,huggingface-transformers,transformer-model",78890409,546,1724068146,padding batch sequences affect performance effective attention mask,,padding batch sequences affect performance effective attention mask nan,Uncategorized
78865486,SpaCy Matcher with optional suffix in pattern reports multiple matches on same text,,"nlp,spacy,matcher",78870921,39,1723541843,spacy matcher optional suffix pattern reports multiple matches text,,spacy matcher optional suffix pattern reports multiple matches text nan,Error Fixes
78862691,`mlflow.transformers.log_model()` does not finish,,"python,nlp,huggingface-transformers,mlflow,mlops",78877979,354,1723480052,mlflowtransformerslogmodel finish,,mlflowtransformerslogmodel finish nan,Library-Specific Problems
78853409,NLLB Fine-Tuning Error: Missing data_prefix Configuration (English-German Translation),,"python,nlp,machine-translation,fine-tuning,fairseq",78854613,160,1723214814,nllb finetuning error missing dataprefix configuration englishgerman translation,,nllb finetuning error missing dataprefix configuration englishgerman translation nan,Error Fixes
78846004,How can I use structured_output with Azure OpenAI with the openai Python library?,,"python,nlp,azure-openai,gpt-4",78946352,1227,1723072459,use structuredoutput azure openai openai python library,,use structuredoutput azure openai openai python library nan,Implementation Issues
78836208,Removing bi-grams after tokenization for TfidfVectorizer,,"python,scikit-learn,nlp,preprocessor,tfidfvectorizer",78837616,42,1722887200,removing bigrams tokenization tfidfvectorizer,,removing bigrams tokenization tfidfvectorizer nan,Uncategorized
78823069,HuggingFace LLM Evaluate: RuntimeError: isin_Tensor_Tensor_out only works on floating types on MPS for pre MacOS_14_0. Received dtype: Long,,"pytorch,nlp,apple-m1,huggingface,huggingface-evaluate",78875218,859,1722547156,huggingface llm evaluate runtimeerror isintensortensorout works floating types mps pre macos140 received dtype long,,huggingface llm evaluate runtimeerror isintensortensorout works floating types mps pre macos140 received dtype long nan,Implementation Issues
78809281,ImportError: cannot import name &#39;pre_init&#39; from &#39;langchain_core.utils&#39;,,"python,pip,nlp,langchain,large-language-model",78809283,1817,1722293953,importerror import name 39preinit39 39langchaincoreutils39,,importerror import name 39preinit39 39langchaincoreutils39 nan,Error Fixes
78778988,Do I need to use Named Entity Recognition (NER) in tokenization?,,"python,python-3.x,nlp,spacy,named-entity-recognition",78780820,385,1721654894,need use named entity recognition ner tokenization,,need use named entity recognition ner tokenization nan,Implementation Issues
78773758,"IndexError: list index out of range, when trying to predict from the fine tuned model using Hugginface",,"nlp,huggingface-transformers,huggingface,fine-tuning",78775082,115,1721504683,indexerror list index range trying predict fine tuned model using hugginface,,indexerror list index range trying predict fine tuned model using hugginface nan,Error Fixes
78710185,not able END function using &quot;add_conditional_edges&quot; in lang graph,,"nlp,langchain,langgraph",78713763,1997,1720164558,able end function using quotaddconditionaledgesquot lang graph,,able end function using quotaddconditionaledgesquot lang graph nan,Uncategorized
78707861,How to make dynamic API calls based on user input in a Gemini application python nlp?,,"python,nlp,request,google-cloud-vertex-ai,google-gemini",78708210,458,1720105878,make dynamic api calls based user input gemini application python nlp,,make dynamic api calls based user input gemini application python nlp nan,Implementation Issues
78685093,Alternative to Receptive field in Transformers and what factors impact it,,"nlp,huggingface-transformers,receptive-field",78687012,147,1719637110,alternative receptive field transformers factors impact,,alternative receptive field transformers factors impact nan,Library-Specific Problems
78661728,implement a search engine chain using tavily in langchain,,"python,nlp,search-engine,langchain,chain",78910571,520,1719223266,implement search engine chain using tavily langchain,,implement search engine chain using tavily langchain nan,Implementation Issues
78639577,Understanding the results of Transformers Learn In Context with Gradient Descent,,"machine-learning,nlp,large-language-model,transformer-model,meta-learning",78645188,137,1718743425,understanding results transformers learn context gradient descent,,understanding results transformers learn context gradient descent nan,Library-Specific Problems
78631769,Problems with Named Entity Recognition in spaCy using German de_dep_news_trf Pipeline,,"python,nlp,spacy",78632377,201,1718615669,problems named entity recognition spacy using german dedepnewstrf pipeline,,problems named entity recognition spacy using german dedepnewstrf pipeline nan,Library-Specific Problems
78612251,How do we add/modify the normalizer in a pretrained Huggingface tokenizer?,,"python,nlp,large-language-model,huggingface-tokenizers",78624238,312,1718190239,addmodify normalizer pretrained huggingface tokenizer,,addmodify normalizer pretrained huggingface tokenizer nan,Task-Specific NLP
78586621,HuggingFace pipeline - Debug prompt,,"python,nlp,huggingface-transformers",78587273,384,1717677407,huggingface pipeline debug prompt,,huggingface pipeline debug prompt nan,Error Fixes
78575305,AttributeError: &#39;TrainingArguments&#39; object has no attribute &#39;model_init_kwargs&#39;,,"python,nlp,huggingface-transformers,large-language-model,peft",78578835,4589,1717502794,attributeerror 39trainingarguments39 object attribute 39modelinitkwargs39,,attributeerror 39trainingarguments39 object attribute 39modelinitkwargs39 nan,Error Fixes
78573280,Unable to fit new documents without running out of memory in STM topic modeling,,"r,nlp,lda,stm",78573322,25,1717472515,unable fit new documents without running memory stm topic modeling,,unable fit new documents without running memory stm topic modeling nan,Implementation Issues
78552651,How to fix error `OSError: &lt;model&gt; does not appear to have a file named config.json.` when loading custom fine-tuned model?,,"pytorch,nlp,huggingface-transformers,large-language-model,peft",78564203,3064,1717036616,fix error oserror ltmodelgt appear file named configjson loading custom finetuned model,,fix error oserror ltmodelgt appear file named configjson loading custom finetuned model nan,Error Fixes
78538749,Not able to install spacy==2.3.5 version,,"python,parsing,pip,nlp,spacy",78541534,213,1716808809,able install spacy235 version,,able install spacy235 version nan,Library-Specific Problems
78525770,Filtering stop words out of a multiple text files (using a list of stop words),,"python,nlp",78527729,44,1716502512,filtering stop words multiple text files using list stop words,,filtering stop words multiple text files using list stop words nan,Uncategorized
78489915,How to lemmatize text column in pandas dataframes using stanza?,,"pandas,nlp,tokenize,lemmatization,stanza",78491545,72,1715862890,lemmatize text column pandas dataframes using stanza,,lemmatize text column pandas dataframes using stanza nan,Task-Specific NLP
78485347,Encode a list of sentences into embeddings using a HuggingFace model not in its hub,,"nlp,huggingface-transformers,encode,embedding,huggingface",78502336,771,1715791179,encode list sentences embeddings using huggingface model hub,,encode list sentences embeddings using huggingface model hub nan,Library-Specific Problems
78461078,How to optimize this function and improve running time?,,"python,performance,optimization,nlp,nltk",78461789,47,1715354280,optimize function improve running time,,optimize function improve running time nan,Implementation Issues
78455102,Why doesn&#39;t fuzzywuzzy&#39;s process.extractBests give a 100% score when the tested string 100% contains the query string?,,"python,nlp,string-matching,fuzzywuzzy",78455186,76,1715264676,doesn39t fuzzywuzzy39s processextractbests give 100 score tested string 100 contains query string,,doesn39t fuzzywuzzy39s processextractbests give 100 score tested string 100 contains query string nan,Uncategorized
78443980,FastText language_identification in R returns too many arguments - how to match to texts?,,"r,nlp,fasttext,language-detection",78444037,132,1715100381,fasttext languageidentification r returns many arguments match texts,,fasttext languageidentification r returns many arguments match texts nan,Uncategorized
78430524,Determining contents of decoder_hidden_states from T5ForConditionalGeneration,,"pytorch,nlp,huggingface-transformers",78447718,121,1714860817,determining contents decoderhiddenstates t5forconditionalgeneration,,determining contents decoderhiddenstates t5forconditionalgeneration nan,Uncategorized
78397201,Extracting only technical keywords from a text using RAKE library in Python,,"python,python-3.x,nlp,nltk,rake",78406317,328,1714283530,extracting technical keywords text using rake library python,,extracting technical keywords text using rake library python nan,Uncategorized
78394225,Langchain sql agent with context,,"text,nlp,langchain",78402358,1083,1714204199,langchain sql agent context,,langchain sql agent context nan,Uncategorized
78393709,Performance of textSimilarity() from R&#39;s text library,,"r,performance,nlp,huggingface-transformers",78407238,248,1714187758,performance textsimilarity r39s text library,,performance textsimilarity r39s text library nan,Task-Specific NLP
78383619,How to Generate Text with Specific Length Using AI API,,"python,nlp,openai-api,text-generation",78383634,237,1714037456,generate text specific length using ai api,,generate text specific length using ai api nan,Uncategorized
78375631,ValueError: Cannot use a compiled regex as replacement pattern with regex=False,,"python,text,nlp",78375724,333,1713923527,valueerror use compiled regex replacement pattern regexfalse,,valueerror use compiled regex replacement pattern regexfalse nan,Implementation Issues
78371741,No Attention returned even when output_attentions= True,,"nlp,huggingface-transformers,bert-language-model,transformer-model,attention-model",78492414,424,1713869330,attention returned even outputattentions true,,attention returned even outputattentions true nan,Uncategorized
78365608,Fine-tuning BERT with deterministic masking instead of random masking,,"nlp,huggingface-transformers,bert-language-model",78510287,345,1713782345,finetuning bert deterministic masking instead random masking,,finetuning bert deterministic masking instead random masking nan,Uncategorized
78344999,Stanford NLP Annotation pipeline.annotate resulting into OutOfMemoryError in Java,,"java,nlp,out-of-memory",78345170,26,1713417210,stanford nlp annotation pipelineannotate resulting outofmemoryerror java,,stanford nlp annotation pipelineannotate resulting outofmemoryerror java nan,Error Fixes
78344850,How to tag words that not include one specific symbol in Spacy?,,"python,nlp,pattern-matching,spacy",78348925,31,1713414070,tag words include one specific symbol spacy,,tag words include one specific symbol spacy nan,Library-Specific Problems
78324647,Sklearm FeatureHasher not working on a single column in a dataframe,,"pandas,machine-learning,scikit-learn,nlp",78324733,111,1713115217,sklearm featurehasher working single column dataframe,,sklearm featurehasher working single column dataframe nan,Uncategorized
78317989,Is it possible to fine-tune a pretrained word embedding model like vec2word?,,"python,nlp,artificial-intelligence,word2vec,word-embedding",78323755,1350,1712944676,possible finetune pretrained word embedding model like vec2word,,possible finetune pretrained word embedding model like vec2word nan,Uncategorized
78314842,R Tidymodels textrecipes - tokenizing with spacyR - how to remove punctuations from produced list of tokens,,"r,nlp,spacy,tidymodels",78317136,90,1712907594,r tidymodels textrecipes tokenizing spacyr remove punctuations produced list tokens,,r tidymodels textrecipes tokenizing spacyr remove punctuations produced list tokens nan,Library-Specific Problems
78307073,"LangChain agent parsing error with structured_chat_agent and Wikipedia tool, handle_parsing_errors hits limit",,"python,nlp,openai-api,langchain,large-language-model",78316386,2640,1712782354,langchain agent parsing error structuredchatagent wikipedia tool handleparsingerrors hits limit,,langchain agent parsing error structuredchatagent wikipedia tool handleparsingerrors hits limit nan,Error Fixes
78294720,"Error when calling Hugging Face load_dataset(&quot;glue&quot;, &quot;mrpc&quot;)",,"python,nlp,huggingface,huggingface-datasets",78310683,456,1712604073,error calling hugging face loaddatasetquotgluequot quotmrpcquot,,error calling hugging face loaddatasetquotgluequot quotmrpcquot nan,Error Fixes
78285447,What&#39;s inside inner vertices in Word2Vec Hierarchical Softmax?,,"machine-learning,nlp,word2vec,hierarchical,softmax",78313102,148,1712427341,what39s inside inner vertices word2vec hierarchical softmax,,what39s inside inner vertices word2vec hierarchical softmax nan,Library-Specific Problems
78285241,Extracting dates from a sentence in spaCy,,"python,regex,nlp,spacy,named-entity-recognition",78285614,79,1712423559,extracting dates sentence spacy,,extracting dates sentence spacy nan,Library-Specific Problems
78284866,What is the best function/stage to use tokenizer in Pytorch&#39;s data processing?,,"pytorch,nlp",78324875,1651,1712416485,best functionstage use tokenizer pytorch39s data processing,,best functionstage use tokenizer pytorch39s data processing nan,Implementation Issues
78266192,Python Spacy Pattern- How to tag a word based on another word?,,"python,nlp,spacy",78266459,47,1712131629,python spacy pattern tag word based another word,,python spacy pattern tag word based another word nan,Library-Specific Problems
78262529,Gensim&#39;s Doc2Vec with documents in multiple languages,,"python,nlp,gensim,recommendation-engine,doc2vec",78318248,142,1712072850,gensim39s doc2vec documents multiple languages,,gensim39s doc2vec documents multiple languages nan,Library-Specific Problems
78258373,Get previous sentence while using SpaCy matcher,,"python,nlp,spacy",78259079,50,1712016891,get previous sentence using spacy matcher,,get previous sentence using spacy matcher nan,Library-Specific Problems
78241665,"How to detect if two sentences are simmilar, not in meaning, but in syllables/words?",,"search,nlp,full-text-search,similarity,sentence-similarity",78259030,126,1711678118,detect two sentences simmilar meaning syllableswords,,detect two sentences simmilar meaning syllableswords nan,Uncategorized
78240828,Is BertForSequenceClassification using the CLS vector?,,"nlp,huggingface-transformers,bert-language-model",78464905,216,1711659257,bertforsequenceclassification using cls vector,,bertforsequenceclassification using cls vector nan,Task-Specific NLP
78219076,How to remove layers in Huggingface&#39;s transformers GPT2 pre-trained models?,,"python,machine-learning,deep-learning,nlp,transformer-model",78219403,345,1711369695,remove layers huggingface39s transformers gpt2 pretrained models,,remove layers huggingface39s transformers gpt2 pretrained models nan,Library-Specific Problems
78211318,How can i get the first content of a python synsets list?,,"python,nlp,nltk,sentiment-analysis,synset",78211341,43,1711205598,get first content python synsets list,,get first content python synsets list nan,Uncategorized
78184077,Solution to solve problem different results when run Doc2vec gensim?,,"nlp,doc2vec",78186747,43,1710818417,solution solve problem different results run doc2vec gensim,,solution solve problem different results run doc2vec gensim nan,Implementation Issues
78157864,How to optimize the function which uses looping on lists on pandas dataframe?,,"python,python-3.x,pandas,list,nlp",78158348,94,1710384992,optimize function uses looping lists pandas dataframe,,optimize function uses looping lists pandas dataframe nan,Implementation Issues
78140912,SpaCy: Regex pattern does not work in rule-based matcher,,"python,nlp,spacy,named-entity-recognition",78166068,97,1710163199,spacy regex pattern work rulebased matcher,,spacy regex pattern work rulebased matcher nan,Library-Specific Problems
78136056,Torchtext functions in Newest version analogue,,"nlp,version,torchtext",78151058,157,1710077818,torchtext functions newest version analogue,,torchtext functions newest version analogue nan,Uncategorized
78129126,TypeError: Exception encountered when calling layer &#39;embeddings&#39; (type TFBertEmbeddings),,"tensorflow,deep-learning,nlp,bert-language-model,transformer-model",78135776,1386,1709916511,typeerror exception encountered calling layer 39embeddings39 type tfbertembeddings,,typeerror exception encountered calling layer 39embeddings39 type tfbertembeddings nan,Error Fixes
78091661,How to apply a linear layer atop a sentence transformer,,"python,pytorch,nlp,bert-language-model",78093583,530,1709360446,apply linear layer atop sentence transformer,,apply linear layer atop sentence transformer nan,Implementation Issues
78060804,How to get the SHAP value per class?,,"machine-learning,deep-learning,nlp,shap,xai",78068645,287,1708949334,get shap value per class,,get shap value per class nan,Uncategorized
78039417,Questions about training LLMs on large text datasets for text generation from scratch,,"python,tensorflow,deep-learning,nlp,tf.data.dataset",78132351,470,1708590835,questions training llms large text datasets text generation scratch,,questions training llms large text datasets text generation scratch nan,Uncategorized
78031519,"How to resolve ValueError: You should supply an encoding or a list of encodings to this method that includes input_ids, but you provided [&#39;label&#39;]",,"nlp,huggingface-transformers,huggingface-tokenizers,peft",78032173,4460,1708488681,resolve valueerror supply encoding list encodings method includes inputids provided 39label39,,resolve valueerror supply encoding list encodings method includes inputids provided 39label39 nan,Error Fixes
78031203,What and how LLM is used for ranking organization job title?,,"nlp,bert-language-model,large-language-model,nlp-question-answering",78031704,64,1708481030,llm used ranking organization job title,,llm used ranking organization job title nan,Implementation Issues
78006552,Shorten product title to a specific length using python nlp libraries,,"python,string,nlp,nltk,e-commerce",78006769,111,1708078154,shorten product title specific length using python nlp libraries,,shorten product title specific length using python nlp libraries nan,Uncategorized
77965060,Key matrix redundant in Transformer language models?,,"nlp,transformer-model",78476753,94,1707430461,key matrix redundant transformer language models,,key matrix redundant transformer language models nan,Uncategorized
77963718,Are [INST] and [/INST] needed for mistral chat?,,"nlp,mistral-7b",78012177,3107,1707413566,inst inst needed mistral chat,,inst inst needed mistral chat nan,Uncategorized
77951208,Extracting and Identifying locations with NLP + Spacy,,"nlp,spacy,named-entity-recognition",78023173,1110,1707258852,extracting identifying locations nlp spacy,,extracting identifying locations nlp spacy nan,Library-Specific Problems
77940890,Google semantic retriever example error &#39;Credentials&#39; object has no attribute &#39;universe_domain&#39;,,"google-cloud-platform,nlp,artificial-intelligence,large-language-model,google-ai-platform",77941990,116,1707135631,google semantic retriever example error 39credentials39 object attribute 39universedomain39,,google semantic retriever example error 39credentials39 object attribute 39universedomain39 nan,Error Fixes
77935492,What is the TREC 2006 Spam Track Public Corpora Format?,,"nlp,spam-prevention",77957097,129,1707044324,trec 2006 spam track public corpora format,,trec 2006 spam track public corpora format nan,Uncategorized
77933640,How to calculate the weighted sum of last 4 hidden layers using Roberta?,,"python,machine-learning,deep-learning,nlp,huggingface-transformers",77952168,329,1706992476,calculate weighted sum last 4 hidden layers using roberta,,calculate weighted sum last 4 hidden layers using roberta nan,Uncategorized
77906649,Why token embedding different from the embedding by the BartForConditionalGeneration model,,"machine-learning,pytorch,nlp,huggingface-transformers,bart",77909164,127,1706620714,token embedding different embedding bartforconditionalgeneration model,,token embedding different embedding bartforconditionalgeneration model nan,Uncategorized
77903080,Finding embedding dimentions of the HuggingFace model,,"nlp,huggingface-transformers,llama-index,faiss",77947340,2588,1706569086,finding embedding dimentions huggingface model,,finding embedding dimentions huggingface model nan,Library-Specific Problems
77886445,I am unable to produce rearch results from google/youtube in my speech recognition code,,"python,nlp,artificial-intelligence,speech-recognition,google-text-to-speech",77886899,40,1706274110,unable produce rearch results googleyoutube speech recognition code,,unable produce rearch results googleyoutube speech recognition code nan,Uncategorized
77868284,combining falcon 40b instruct with langchain,,"nlp,chatbot,langchain,large-language-model,falcon",77870500,327,1706031797,combining falcon 40b instruct langchain,,combining falcon 40b instruct langchain nan,Uncategorized
77846486,BERTopic: &quot;Make sure that the iterable only contains strings&quot;,,"python,python-3.x,nlp,topic-modeling",77847778,940,1705671419,bertopic quotmake sure iterable contains stringsquot,,bertopic quotmake sure iterable contains stringsquot nan,Uncategorized
77839628,Loading en_core_web_sm results in AttributeError: module &#39;transformers&#39; has no attribute &#39;BertTokenizerFast&#39;,,"python,pip,nlp,anaconda,spacy",77839778,284,1705583082,loading encorewebsm results attributeerror module 39transformers39 attribute 39berttokenizerfast39,,loading encorewebsm results attributeerror module 39transformers39 attribute 39berttokenizerfast39 nan,Task-Specific NLP
77835506,Truncate texts in the middle for Bert,,"nlp,token,tokenize,bert-language-model",77836475,245,1705525510,truncate texts middle bert,,truncate texts middle bert nan,Implementation Issues
77830490,Spacy import error: cannot import name &#39;COMBINING_DIACRITICS&#39; from &#39;spacy.lang.char_classes&#39;,,"python,pip,nlp,spacy,pydantic",77835083,234,1705475034,spacy import error import name 39combiningdiacritics39 39spacylangcharclasses39,,spacy import error import name 39combiningdiacritics39 39spacylangcharclasses39 nan,Error Fixes
77828572,What is sent to the llm when using a chat model?,,"nlp,langchain",77828779,158,1705437174,sent llm using chat model,,sent llm using chat model nan,Uncategorized
77823105,I am classifying each word in a sentence (Named Entity Recognition) but I receive ...an unexpected keyword argument &#39;grouped_entities&#39;,,"python,nlp,google-cloud-colab-enterprise",77825273,173,1705369654,classifying word sentence named entity recognition receive unexpected keyword argument 39groupedentities39,,classifying word sentence named entity recognition receive unexpected keyword argument 39groupedentities39 nan,Uncategorized
77822202,How to add a dense layer on top of SentenceTransformer?,,"python,nlp,huggingface-transformers,sentence-transformers",77822253,488,1705350580,add dense layer top sentencetransformer,,add dense layer top sentencetransformer nan,Uncategorized
77805776,How to calculate word and sentence embedding using Roberta?,,"python,machine-learning,nlp,huggingface-transformers,transformer-model",77812267,2468,1705053901,calculate word sentence embedding using roberta,,calculate word sentence embedding using roberta nan,Uncategorized
77800331,How to Find Positional embeddings from BARTTokenizer?,,"pytorch,nlp,huggingface-transformers,summarization,bart",77800561,549,1704978795,find positional embeddings barttokenizer,,find positional embeddings barttokenizer nan,Task-Specific NLP
77784846,How to find similar sounding words?,,"python,nlp,nltk",77784921,211,1704783458,find similar sounding words,,find similar sounding words nan,Uncategorized
77774499,How to save Keras TextVectorization layer configuration with custom standardization function into a pickle file and reload it?,,"python,tensorflow,keras,nlp",77788582,464,1704655309,save keras textvectorization layer configuration custom standardization function pickle file reload,,save keras textvectorization layer configuration custom standardization function pickle file reload nan,Uncategorized
77748737,How to calculate word and sentence embedding using GPT-2?,,"python,machine-learning,nlp,huggingface-transformers,transformer-model",77751619,1683,1704232552,calculate word sentence embedding using gpt2,,calculate word sentence embedding using gpt2 nan,Uncategorized
77746423,Find vocab word from vector for flexible comparisons,,"nlp,spacy",77747182,30,1704202631,find vocab word vector flexible comparisons,,find vocab word vector flexible comparisons nan,Uncategorized
77684999,GooglePalm(). NotImplementedError: Need to determine which default deprecation schedule to use. within ?? minor releases,,"nlp,langchain,large-language-model,palm-pre",77694822,470,1702986818,googlepalm notimplementederror need determine default deprecation schedule use within minor releases,,googlepalm notimplementederror need determine default deprecation schedule use within minor releases nan,Implementation Issues
77681471,Unable to tag the POS of the text file,,"python,nlp,tagging,huggingface,flair",77681791,37,1702929737,unable tag pos text file,,unable tag pos text file nan,Uncategorized
77676747,Google Colab unable to Hugging Face model,,"python,nlp,google-colaboratory,huggingface-transformers,bert-language-model",77686737,1185,1702868855,google colab unable hugging face model,,google colab unable hugging face model nan,Uncategorized
77673353,How to use adapter transformers with a Huggingface Pipeline,,"python,machine-learning,nlp,huggingface-transformers",77675813,899,1702788568,use adapter transformers huggingface pipeline,,use adapter transformers huggingface pipeline nan,Implementation Issues
77661152,Sentence Similarity between a phrase with 2-3 words and documents with multiple sentences,,"nlp,word-embedding,sentence-similarity,sentence-transformers",77666884,306,1702566577,sentence similarity phrase 23 words documents multiple sentences,,sentence similarity phrase 23 words documents multiple sentences nan,Task-Specific NLP
77653666,Import error in training arguments in Colaboratory,,"python,nlp,huggingface",77653714,772,1702471266,import error training arguments colaboratory,,import error training arguments colaboratory nan,Error Fixes
77651770,How to Load the pre-trained word embeddings in .npy files,,"python,nlp,word-embedding",77654014,367,1702452860,load pretrained word embeddings npy files,,load pretrained word embeddings npy files nan,Uncategorized
77640950,Logistic Regression gradually tends to predict all 0s while training on mini batches,,"regression,classification,binary-data,nlp",77644113,58,1702302610,logistic regression gradually tends predict 0s training mini batches,,logistic regression gradually tends predict 0s training mini batches nan,Uncategorized
77639714,Big Query - Case Statements and Apostrophe&#39;s,,"sql,google-cloud-platform,google-bigquery,nlp",77639946,106,1702298923,big query case statements apostrophe39s,,big query case statements apostrophe39s nan,Uncategorized
77621022,Insert dots/points in messy string for textual analysis in python,,"python,nlp,sentence",77621197,56,1701961067,insert dotspoints messy string textual analysis python,,insert dotspoints messy string textual analysis python nan,Uncategorized
77615264,Why does OpenNLP CLI output &quot;SLF4J: Failed to load class &quot;org.slf4j.impl.StaticLoggerBinder&quot; on Windows?,,"java,nlp,slf4j,opennlp",77630535,173,1701884837,opennlp cli output quotslf4j failed load class quotorgslf4jimplstaticloggerbinderquot windows,,opennlp cli output quotslf4j failed load class quotorgslf4jimplstaticloggerbinderquot windows nan,Uncategorized
77609784,How to make stanza lemmatizer to return just the lemma instead of a dictionary?,,"python,nlp,stanford-nlp,lemmatization",77609905,432,1701819030,make stanza lemmatizer return lemma instead dictionary,,make stanza lemmatizer return lemma instead dictionary nan,Task-Specific NLP
77594086,How to run a NLP+Transformers LLM on low memory GPUs?,,"python,nlp,gpu,huggingface-transformers,huggingface-tokenizers",77600312,1078,1701603145,run nlptransformers llm low memory gpus,,run nlptransformers llm low memory gpus nan,Implementation Issues
77586902,Attention Layer changing Batch Size at inference,,"tensorflow,keras,deep-learning,nlp,sequence",77676552,299,1701449794,attention layer changing batch size inference,,attention layer changing batch size inference nan,Uncategorized
77579658,Pretrained model with stride doesnâ€™t predict long text,,"python,nlp,huggingface-transformers",77580891,543,1701358093,pretrained model stride doesnt predict long text,,pretrained model stride doesnt predict long text nan,Uncategorized
77563897,Bert topic clasiffying over a quarter of documents in outlier topic -1,,"python,nlp,bert-language-model,topic-modeling",77565599,1108,1701174746,bert topic clasiffying quarter documents outlier topic 1,,bert topic clasiffying quarter documents outlier topic 1 nan,Uncategorized
77563423,Modifying the sentiment of certain words in tidytext get_sentiments(),,"r,machine-learning,dplyr,nlp,tidytext",77564182,65,1701170019,modifying sentiment certain words tidytext getsentiments,,modifying sentiment certain words tidytext getsentiments nan,Uncategorized
77560044,spaCy displacy output using anvil.works server,,"python,jupyter-notebook,nlp,spacy,displacy",77562648,90,1701120571,spacy displacy output using anvilworks server,,spacy displacy output using anvilworks server nan,Library-Specific Problems
77546477,How to build a model and train it with tensorflow keras sub classing,,"python-3.x,tensorflow,keras,deep-learning,nlp",77554281,63,1700880570,build model train tensorflow keras sub classing,,build model train tensorflow keras sub classing nan,Implementation Issues
77544604,Importing deepspeech error: Module not found,,"python,deep-learning,nlp,mozilla-deepspeech",77547213,255,1700844483,importing deepspeech error module found,,importing deepspeech error module found nan,Error Fixes
77544203,How to Integrate Custom OpenAIModel into a AutoModelForSequenceClassification Model?,,"python,pytorch,nlp,huggingface-transformers,huggingface",77547197,92,1700839598,integrate custom openaimodel automodelforsequenceclassification model,,integrate custom openaimodel automodelforsequenceclassification model nan,Task-Specific NLP
77540677,Clearing context window of LLM in Huggingface,,"nlp,huggingface-transformers,transformer-model,huggingface,large-language-model",77541156,1290,1700799090,clearing context window llm huggingface,,clearing context window llm huggingface nan,Library-Specific Problems
77533488,NLP pre-processing on two columns in data frame gives error,,"python,pandas,dataframe,nlp,nltk",77538239,131,1700693657,nlp preprocessing two columns data frame gives error,,nlp preprocessing two columns data frame gives error nan,Error Fixes
77511368,LLM slow inference even on A100 GPU,,"nlp,gpu,huggingface-transformers,large-language-model",77592933,1402,1700407905,llm slow inference even a100 gpu,,llm slow inference even a100 gpu nan,Uncategorized
77491934,Is this right way to merge LoRA weights?,,"pytorch,nlp,huggingface-transformers",77501731,8803,1700101226,right way merge lora weights,,right way merge lora weights nan,Uncategorized
77484087,unable to map color onto a network graph from an additional variable using ggraph,,"r,nlp,visualization,ggraph",77486152,71,1699999197,unable map color onto network graph additional variable using ggraph,,unable map color onto network graph additional variable using ggraph nan,Uncategorized
77480710,R: stm + searchK fails to determine the optimal number of topics,,"r,nlp,topic-modeling,quanteda",77481657,422,1699965930,r stm searchk fails determine optimal number topics,,r stm searchk fails determine optimal number topics nan,Uncategorized
77477871,NLP sentence summarization techniques with python,,"python,algorithm,nlp",77479096,448,1699928958,nlp sentence summarization techniques python,,nlp sentence summarization techniques python nan,Uncategorized
77461542,Entity Extraction in Rasa,,"machine-learning,nlp,entity,rasa-nlu,rasa-sdk",77463236,422,1699634132,entity extraction rasa,,entity extraction rasa nan,Uncategorized
77455738,Finding the nouns in a sentence given the context in Python,,"python,nlp,nltk,textblob",77455927,181,1699556373,finding nouns sentence given context python,,finding nouns sentence given context python nan,Uncategorized
77440929,Any alternative of Python Transfomer Package in java?,,"python,java,rest,machine-learning,nlp",77441746,560,1699385079,alternative python transfomer package java,,alternative python transfomer package java nan,Uncategorized
77433100,How to get perplexity per token rather than average perplexity?,,"machine-learning,pytorch,nlp,huggingface-transformers,perplexity",77433933,1746,1699291820,get perplexity per token rather average perplexity,,get perplexity per token rather average perplexity nan,Uncategorized
77432480,Do I need to retrain an NLP model everytime because of incompatible shape after transforming?,,"python,machine-learning,scikit-learn,nlp,xgboost",77432754,45,1699286277,need retrain nlp model everytime incompatible shape transforming,,need retrain nlp model everytime incompatible shape transforming nan,Uncategorized
77427999,Custom spaCy tagger to tag all words that are in a dictionary,,"python,nlp,spacy,pos-tagger",77429721,184,1699225654,custom spacy tagger tag words dictionary,,custom spacy tagger tag words dictionary nan,Library-Specific Problems
77386212,How to make named entity recognition provide better categorization of data,,"nlp,spacy,large-language-model",77408625,359,1698640132,make named entity recognition provide better categorization data,,make named entity recognition provide better categorization data nan,Uncategorized
77382923,"Laptop stopped when training a pytorch lstm model, while tensorflow counterpart works",,"python,deep-learning,pytorch,nlp",77384658,76,1698576101,laptop stopped training pytorch lstm model tensorflow counterpart works,,laptop stopped training pytorch lstm model tensorflow counterpart works nan,Uncategorized
77373522,How does an instance of pytorch&#39;s `nn.Linear()` process a tuple of tensors?,,"python,machine-learning,pytorch,nlp,transformer-model",77373814,177,1698403407,instance pytorch39s nnlinear process tuple tensors,,instance pytorch39s nnlinear process tuple tensors nan,Uncategorized
77347287,What components of spaCy Pipeline can be disabled so that the sentence tokenization can still work and the pipeline be faster?,,"python,nlp,spacy",77350022,491,1698082834,components spacy pipeline disabled sentence tokenization still work pipeline faster,,components spacy pipeline disabled sentence tokenization still work pipeline faster nan,Library-Specific Problems
77341456,Why does my transformer model have more parameters than the Huggingface implementation?,,"machine-learning,pytorch,nlp,huggingface-transformers,huggingface",77341769,754,1698003798,transformer model parameters huggingface implementation,,transformer model parameters huggingface implementation nan,Implementation Issues
77337720,How to change the fully connected network in a GPT model on Huggingface?,,"machine-learning,pytorch,nlp,huggingface-transformers,gpt-2",77339487,364,1697920853,change fully connected network gpt model huggingface,,change fully connected network gpt model huggingface nan,Library-Specific Problems
77333202,Reverse Index in SQL,,"sql,json,database,postgresql,nlp",77339809,773,1697827940,reverse index sql,,reverse index sql nan,Uncategorized
77327117,How to get most similar words to a tagged document in gensim doc2vec,,"nlp,gensim,cosine-similarity,doc2vec",77327219,53,1697749696,get similar words tagged document gensim doc2vec,,get similar words tagged document gensim doc2vec nan,Library-Specific Problems
77311999,AttributeError when Initializing a Custom Decoder Class in TensorFlow with Non-Default Tokenizer,,"python,python-3.x,tensorflow,nlp,huggingface-transformers",77593927,171,1697573588,attributeerror initializing custom decoder class tensorflow nondefault tokenizer,,attributeerror initializing custom decoder class tensorflow nondefault tokenizer nan,Task-Specific NLP
77292726,Feeding my classifier one document at a time,,"python,machine-learning,scikit-learn,nlp,tfidfvectorizer",77294107,59,1697284742,feeding classifier one document time,,feeding classifier one document time nan,Uncategorized
77278868,Get page number of certain string using pdfminer,,"python,pdf,nlp,pdfminer",77278901,531,1697098665,get page number certain string using pdfminer,,get page number certain string using pdfminer nan,Uncategorized
77265396,How does SQLDatabase Chain work internally? (Langchain),,"nlp,langchain",77266382,1123,1696937491,sqldatabase chain work internally langchain,,sqldatabase chain work internally langchain nan,Uncategorized
77258294,CompressFastText pqkmeans does not install,,"python,machine-learning,pip,nlp,fasttext",77270016,85,1696849565,compressfasttext pqkmeans install,,compressfasttext pqkmeans install nan,Uncategorized
77248199,How to convert Doccano exported JSONL format to spaCy formatï¼Ÿ,,"nlp,spacy,named-entity-recognition,doccano",77275727,840,1696647305,convert doccano exported jsonl format spacy format,,convert doccano exported jsonl format spacy format nan,Library-Specific Problems
77248165,What does the vocabulary of a pre-trained / fine-tuned T5 model look like?,,"python,pytorch,nlp,huggingface-transformers",77248234,650,1696646103,vocabulary pretrained finetuned t5 model look like,,vocabulary pretrained finetuned t5 model look like nan,Uncategorized
77247941,Summarizing n-grams efficiently in Python on big data,,"python,pandas,dataframe,nlp,n-gram",77266470,284,1696639488,summarizing ngrams efficiently python big data,,summarizing ngrams efficiently python big data nan,Uncategorized
77240878,Tokenizing and summarizing Textual data by group efficiently in Python,,"python,pandas,dataframe,nlp,gensim",77242709,62,1696544199,tokenizing summarizing textual data group efficiently python,,tokenizing summarizing textual data group efficiently python nan,Uncategorized
77237818,How to load a huggingface pretrained transformer model directly to GPU?,,"python,nlp,huggingface-transformers",77238046,58331,1696514260,load huggingface pretrained transformer model directly gpu,,load huggingface pretrained transformer model directly gpu nan,Library-Specific Problems
77217287,"In GCP&#39;s DocumentAI, when importing documents via API, is it possible to add a Document Type label?",,"machine-learning,google-cloud-platform,nlp,cloud-document-ai",77303713,617,1696266408,gcp39s documentai importing documents via api possible add document type label,,gcp39s documentai importing documents via api possible add document type label nan,Uncategorized
77210103,Why am I getting Hidden size error with PyTorch RNN,,"deep-learning,pytorch,nlp,recurrent-neural-network,one-hot-encoding",77210305,140,1696156480,getting hidden size error pytorch rnn,,getting hidden size error pytorch rnn nan,Error Fixes
77210041,troubleshooting PyTorch and Hugging Face&#39;s Pre-trained deBerta Model on Windows 11 with an RTX 3070 GPU,,"pytorch,nlp,gpu,huggingface-transformers,huggingface-tokenizers",77222088,520,1696155310,troubleshooting pytorch hugging face39s pretrained deberta model windows 11 rtx 3070 gpu,,troubleshooting pytorch hugging face39s pretrained deberta model windows 11 rtx 3070 gpu nan,Uncategorized
77182740,Is there a way to measure the margins of a pdf file using image processing in python?,,"python,pdf,image-processing,nlp,html-content-extraction",77183028,679,1695754668,way measure margins pdf file using image processing python,,way measure margins pdf file using image processing python nan,Uncategorized
77182311,Question about data_collator throwing a key error in Hugging face,,"python,pytorch,nlp,huggingface-transformers,huggingface-tokenizers",77182746,1011,1695750166,question datacollator throwing key error hugging face,,question datacollator throwing key error hugging face nan,Error Fixes
77178058,How to Set Safety Parameters for Text Generation Model in Google Cloud Vertex AI?,,"python,machine-learning,nlp,google-cloud-vertex-ai,large-language-model",77181428,2558,1695715118,set safety parameters text generation model google cloud vertex ai,,set safety parameters text generation model google cloud vertex ai nan,Uncategorized
77174018,Getting `TypeError: issubclass() arg 1 must be a class` when trying to load `nlp = spacy.load(&quot;en_ner_bc5cdr_md&quot;)`,,"python,tensorflow,machine-learning,nlp,spacy",77174910,863,1695656230,getting typeerror issubclass arg 1 must class trying load nlp spacyloadquotennerbc5cdrmdquot,,getting typeerror issubclass arg 1 must class trying load nlp spacyloadquotennerbc5cdrmdquot nan,Error Fixes
77152888,HuggingFacePipeline and Langchain,,"nlp,langchain,huggingface",77162814,3020,1695321962,huggingfacepipeline langchain,,huggingfacepipeline langchain nan,Library-Specific Problems
77148560,"Python API usage for coreference, semantic graph and NERC",,"python,nlp,named-entity-recognition,freeling",77155932,50,1695285773,python api usage coreference semantic graph nerc,,python api usage coreference semantic graph nerc nan,Uncategorized
77145360,looking for an efficient way to split columns in a text in pandas,,"python,pandas,nlp",77145443,64,1695237278,looking efficient way split columns text pandas,,looking efficient way split columns text pandas nan,Uncategorized
77123153,How to download the Spacy en_core_web_sm model?,,"machine-learning,debugging,nlp,spacy",77123481,350,1694975985,download spacy encorewebsm model,,download spacy encorewebsm model nan,Library-Specific Problems
77116207,What is the correct approach to evaluate Huggingface models on the masked language modeling task?,,"machine-learning,nlp,huggingface-transformers,huggingface",77118113,419,1694833685,correct approach evaluate huggingface models masked language modeling task,,correct approach evaluate huggingface models masked language modeling task nan,Library-Specific Problems
77113484,AIML chatbot not learning from aiml file,,"python,nlp,chatbot,aiml",77127051,74,1694790460,aiml chatbot learning aiml file,,aiml chatbot learning aiml file nan,Uncategorized
77107744,Use NLP (NLTK) to identify groups of phrases in a python dataframe,,"python,pandas,machine-learning,nlp,nltk",77112903,333,1694718289,use nlp nltk identify groups phrases python dataframe,,use nlp nltk identify groups phrases python dataframe nan,Implementation Issues
77094149,How to use both gpus in kaggle for training in pytorch?,,"machine-learning,deep-learning,nlp,gpu,kaggle",77728508,4058,1694580984,use gpus kaggle training pytorch,,use gpus kaggle training pytorch nan,Implementation Issues
77093345,How to get Enhanced++ dependency labels with a java command line in the terminal?,,"java,nlp,stanford-nlp",77212591,84,1694563972,get enhanced dependency labels java command line terminal,,get enhanced dependency labels java command line terminal nan,Uncategorized
77091208,PyTorch SimCSE loss implementation,,"python,machine-learning,pytorch,nlp",77097615,596,1694537544,pytorch simcse loss implementation,,pytorch simcse loss implementation nan,Implementation Issues
77085879,LIME gives this error &quot;classifier models without probability scores&quot; in python,,"python,nlp,lime",77093884,639,1694488453,lime gives error quotclassifier models without probability scoresquot python,,lime gives error quotclassifier models without probability scoresquot python nan,Error Fixes
77084206,How can I enhance morphological information for English models in spaCy?,,"nlp,pos-tagger,spacy-3",77102380,331,1694459134,enhance morphological information english models spacy,,enhance morphological information english models spacy nan,Library-Specific Problems
77082604,error inserting spacy.tokens.span.Span into pandas dataframe,,"python,dataframe,nlp,spacy,spacy-3",77171874,54,1694443289,error inserting spacytokensspanspan pandas dataframe,,error inserting spacytokensspanspan pandas dataframe nan,Error Fixes
77074676,ImportError: cannot import name &#39;deprecated&#39; from &#39;typing_extensions&#39;,,"python,pip,nlp,spacy,python-typing",77075595,59372,1694314709,importerror import name 39deprecated39 39typingextensions39,,importerror import name 39deprecated39 39typingextensions39 nan,Error Fixes
77074094,Dataloader/sampler/collator to create batches based on the sample contents (sequence length),,"python,pytorch,nlp,batch-processing,dataloader",77075337,608,1694294897,dataloadersamplercollator create batches based sample contents sequence length,,dataloadersamplercollator create batches based sample contents sequence length nan,Implementation Issues
77068488,How to Efficiently Convert a Markdown Table to a DataFrame in Python?,,"python,nlp,markdown",77068592,6114,1694190084,efficiently convert markdown table dataframe python,,efficiently convert markdown table dataframe python nan,Uncategorized
77068054,Training difficulties on Transformer seq2seq task using pytorch,,"machine-learning,pytorch,nlp,transformer-model,formal-languages",77069904,489,1694186090,training difficulties transformer seq2seq task using pytorch,,training difficulties transformer seq2seq task using pytorch nan,Uncategorized
